{"stats":{"minecraft:used":{"minecraft:wooden_sword":25,"minecraft:crafting_table":1,"minecraft:book":1},"minecraft:picked_up":{"minecraft:book":7,"minecraft:birch_log":11,"minecraft:stick":2,"minecraft:feather":5,"minecraft:chicken":4,"minecraft:flower_pot":1,"minecraft:lily_of_the_valley":2,"minecraft:dirt":18,"minecraft:tnt":2,"minecraft:rotten_flesh":3,"minecraft:birch_sapling":2,"minecraft:egg":3},"minecraft:killed_by":{"minecraft:skeleton":1,"minecraft:zombie":2},"minecraft:crafted":{"minecraft:wooden_sword":1,"minecraft:crafting_table":1,"minecraft:birch_planks":20},"minecraft:mined":{"supplementaries:book_pile_horizontal":1,"minecraft:birch_log":10,"minecraft:lily_of_the_valley":1,"minecraft:potted_lily_of_the_valley":1,"minecraft:tnt":2,"minecraft:grass":5,"minecraft:bookshelf":2},"minecraft:killed":{"minecraft:zombie":1,"minecraft:chicken":4,"minecraft:drowned":1},"minecraft:custom":{"minecraft:time_since_rest":3325,"lootr:looted_stat":1,"minecraft:sprint_one_cm":19955,"minecraft:damage_taken":788,"minecraft:walk_one_cm":67716,"minecraft:mob_kills":6,"minecraft:damage_dealt":673,"minecraft:swim_one_cm":17866,"minecraft:interact_with_crafting_table":1,"minecraft:fly_one_cm":12518,"minecraft:crouch_one_cm":372,"minecraft:play_time":14136,"minecraft:deaths":3,"minecraft:sneak_time":138,"minecraft:walk_under_water_one_cm":1312,"minecraft:jump":108,"minecraft:leave_game":4,"minecraft:walk_on_water_one_cm":2572,"minecraft:time_since_death":3282,"minecraft:total_world_time":14136,"minecraft:fall_one_cm":689}},"DataVersion":3465}